,run,n_clusters,distance,similarity,mae,rmse,ndcg@1,ndcg@5,ndcg@10,precision@1,precision@5,precision@10,recall@1,recall@5,recall@10
0,19,102,euclidean,pearson,0.6888381896373369,0.8621773748364197,0.4098360655737705,0.45578305911230166,0.4654825717076365,0.4426229508196721,0.6434108527131783,0.6649603174603176,0.2786885245901639,0.3391472868217055,0.27370370370370367
0,19,39,euclidean,pearson,0.6631863196815618,0.8264514784405733,0.4426229508196721,0.4959870914888114,0.4964163264224054,0.4918032786885246,0.615503875968992,0.6677777777777779,0.32786885245901637,0.38527131782945745,0.32425925925925914
0,19,19,euclidean,pearson,0.618204305770315,0.7656186455467414,0.5245901639344263,0.5942926671949649,0.6289085548317994,0.5081967213114754,0.6883720930232556,0.7302513227513228,0.36065573770491804,0.4344961240310077,0.3817592592592593
0,19,17,euclidean,pearson,0.6040996679943167,0.7477164449162884,0.5081967213114754,0.562300398558037,0.5831620184879173,0.45901639344262296,0.6852713178294574,0.7529629629629632,0.3114754098360656,0.42790697674418604,0.37435185185185194
0,19,8,euclidean,pearson,0.585065288439513,0.7291882045246213,0.5737704918032787,0.63869055772614,0.6385246649913648,0.5245901639344263,0.7527131782945738,0.7826984126984127,0.32786885245901637,0.45542635658914726,0.3431481481481482
0,19,17,euclidean,pearson,0.6040996679943167,0.7477164449162884,0.5081967213114754,0.562300398558037,0.5831620184879173,0.45901639344262296,0.6852713178294574,0.7529629629629632,0.3114754098360656,0.42790697674418604,0.37435185185185194
0,13480,8,squared_euclidean,pearson,0.6209575523852678,0.7625216612652586,0.5081967213114754,0.5980006167927262,0.5749144346420582,0.5901639344262295,0.7378048780487806,0.7689102564102565,0.32786885245901637,0.40569105691056895,0.3970543345543345
