,run,n_clusters,distance,similarity,mae,rmse,ndcg@1,ndcg@5,ndcg@10,precision@1,precision@5,precision@10,recall@1,recall@5,recall@10
0,19,97,euclidean,pearson,0.6789270019171353,0.8315301627642071,0.39344262295081966,0.41913551021258266,0.4615864392927151,0.4098360655737705,0.5709302325581395,0.581362433862434,0.26229508196721313,0.35581395348837214,0.3046296296296296
0,19,31,euclidean,pearson,0.6501191919512688,0.8265154330175025,0.47540983606557374,0.4930320732795444,0.49902317396819995,0.4426229508196721,0.5465116279069767,0.6241269841269843,0.29508196721311475,0.36279069767441857,0.31175925925925924
0,19,19,euclidean,pearson,0.618204305770315,0.7656186455467414,0.5245901639344263,0.5942926671949649,0.6289085548317994,0.5081967213114754,0.6883720930232556,0.7302513227513228,0.36065573770491804,0.4344961240310077,0.3817592592592593
0,19,13,euclidean,pearson,0.5942576270408079,0.740707648323564,0.6229508196721312,0.6122761741478644,0.6318493183692385,0.5081967213114754,0.7058139534883722,0.7134391534391535,0.3770491803278688,0.4251937984496124,0.353425925925926
0,19,8,euclidean,pearson,0.585065288439513,0.7291882045246213,0.5737704918032787,0.63869055772614,0.6385246649913648,0.5245901639344263,0.7527131782945738,0.7826984126984127,0.32786885245901637,0.45542635658914726,0.3431481481481482
0,19,31,euclidean,pearson,0.6501191919512688,0.8265154330175025,0.47540983606557374,0.4930320732795444,0.49902317396819995,0.4426229508196721,0.5465116279069767,0.6241269841269843,0.29508196721311475,0.36279069767441857,0.31175925925925924
0,39221,18,squared_euclidean,pearson,0.6185613631026292,0.7537164340538083,0.5245901639344263,0.5839839090178418,0.5210505753110449,0.5737704918032787,0.6402777777777776,0.6422335600907029,0.39344262295081966,0.3560185185185185,0.2800453514739229
