,run,eps,min_samples,n_clusters,distance,similarity,mae,rmse,ndcg@1,ndcg@5,ndcg@10,precision@1,precision@5,precision@10,recall@1,recall@5,recall@10
0,13480,0.967741935483871,2,61,jaccard,pearson,0.998765267623523,1.1628387838908956,0.5625,0.5110573606477952,0.36711973701070283,0.40625,0.5966666666666668,0.5802469135802469,0.25,0.35333333333333333,0.18802910052910052
