,run,eps,min_samples,n_clusters,distance,similarity,mae,rmse,ndcg@1,ndcg@5,ndcg@10,precision@1,precision@5,precision@10,recall@1,recall@5,recall@10
0,86953,0.967741935483871,2,58,jaccard,pearson,0.9918130024687438,1.1201785524539956,0.390625,0.420090732273753,0.4147354146352578,0.453125,0.5427777777777778,0.6516666666666666,0.1875,0.3683333333333333,0.36
