,run,n_clusters,distance,similarity,mae,rmse,ndcg@1,ndcg@5,ndcg@10,precision@1,precision@5,precision@10,recall@1,recall@5,recall@10
0,19,122,euclidean,pearson,0.9834435701692366,1.1725613454707111,0.28125,0.3815238034404012,0.5208694845103551,0.4375,0.5823529411764705,0.7333333333333335,0.203125,0.4024509803921569,0.6584876543209878
0,19,104,euclidean,pearson,0.9834435701692366,1.1725613454707111,0.28125,0.3815238034404012,0.5208694845103551,0.4375,0.5823529411764705,0.7333333333333335,0.203125,0.4024509803921569,0.6584876543209878
0,19,94,euclidean,pearson,0.9869033222973528,1.176076288736156,0.3125,0.4171880940295946,0.5615802875599769,0.4375,0.5529411764705882,0.6777777777777779,0.21875,0.4024509803921569,0.6584876543209878
0,19,88,euclidean,pearson,0.9892609062582002,1.1750222789068951,0.28125,0.39149910359550755,0.5295623166269734,0.453125,0.5823529411764705,0.7333333333333335,0.21875,0.4024509803921569,0.6584876543209878
0,19,76,euclidean,pearson,0.9846290726978982,1.17175809573985,0.296875,0.404952481101109,0.5401837689132707,0.453125,0.5764705882352941,0.7333333333333335,0.21875,0.39656862745098037,0.6584876543209878
0,19,77,euclidean,pearson,0.9846290726978982,1.17175809573985,0.296875,0.404952481101109,0.5401837689132707,0.453125,0.5764705882352941,0.7333333333333335,0.21875,0.39656862745098037,0.6584876543209878
0,63831,59,jaccard,pearson,1.0094257810777336,1.1848103746156469,0.4375,0.42698775508171166,0.48924708953829743,0.4375,0.6051282051282053,0.6681818181818181,0.21875,0.3589743589743589,0.28118686868686865
